"","ts_code","trade_date","close","open","high","low","pre_close","change","pct_chg","vol","amount"
"1","000001.SH",2019-11-28,2889.6934,2902.3644,2909.8398,2883.4339,2903.1947,-13.5013,-0.465,119522468,122616545.2
"2","000001.SH",2019-11-27,2903.1947,2905.3959,2914.4865,2893.4175,2907.0602,-3.8655,-0.133,133862205,137449697.2
"3","000001.SH",2019-11-26,2907.0602,2912.5209,2915.0411,2897.9276,2906.1688,0.8914,0.0307,170004663,165496766.2
"4","000001.SH",2019-11-25,2906.1688,2885.6133,2906.6091,2880.6542,2885.2884,20.8804,0.7237,178587429,174234583.3
"5","000001.SH",2019-11-22,2885.2884,2906.2433,2925.0178,2873.99,2903.6379,-18.3495,-0.6319,158623365,180593829.2
"6","000001.SH",2019-11-21,2903.6379,2902.5529,2910.3608,2891.5314,2911.0534,-7.4155,-0.2547,123458607,139851207.9
"7","000001.SH",2019-11-20,2911.0534,2928.1068,2930.4929,2907.4229,2933.9908,-22.9374,-0.7818,137357530,158543195.6
"8","000001.SH",2019-11-19,2933.9908,2904.2783,2933.9908,2902.855,2909.2002,24.7906,0.8521,135417604,155770741.3
"9","000001.SH",2019-11-18,2909.2002,2889.5495,2911.3784,2884.0883,2891.3431,17.8571,0.6176,124433177,144677413.7
"10","000001.SH",2019-11-15,2891.3431,2911.35,2917.8293,2891.2043,2909.8697,-18.5266,-0.6367,135519463,152576392.7
"11","000001.SH",2019-11-14,2909.8697,2907.7358,2917.374,2899.6186,2905.2409,4.6288,0.1593,129145448,151576183.4
"12","000001.SH",2019-11-13,2905.2409,2913.0197,2913.8612,2893.9712,2914.8232,-9.5823,-0.3287,129765841,146943636.7
"13","000001.SH",2019-11-12,2914.8232,2912.9956,2918.303,2891.5105,2909.9746,4.8486,0.1666,129729154,139060726.2
"14","000001.SH",2019-11-11,2909.9746,2949.9619,2949.9619,2906.769,2964.1849,-54.2103,-1.8288,157916105,166285140.3
"15","000001.SH",2019-11-08,2964.1849,2993.9773,2998.7594,2962.8447,2978.7144,-14.5295,-0.4878,149742107,173867227.2
"16","000001.SH",2019-11-07,2978.7144,2978.1531,2988.955,2969.1201,2978.5955,0.1189,0.004,136952678,155834877.7
"17","000001.SH",2019-11-06,2978.5955,2992.0399,2995.5629,2969.7242,2991.5622,-12.9667,-0.4334,165263547,183985236.2
"18","000001.SH",2019-11-05,2991.5622,2977.7048,3008.3144,2968.0324,2975.4919,16.0703,0.5401,179891593,203691630.2
"19","000001.SH",2019-11-04,2975.4919,2964.576,2983.0581,2964.576,2958.1992,17.2927,0.5846,167248364,188710094.7
"20","000001.SH",2019-11-01,2958.1992,2924.3402,2959.833,2917.1455,2929.0561,29.1431,0.995,159907373,175630839.1
"21","000001.SH",2019-10-31,2929.0561,2944.8427,2946.7523,2923.5167,2939.3209,-10.2648,-0.3492,161571483,181801937.4
"22","000001.SH",2019-10-30,2939.3209,2949.4631,2953.2986,2934.8279,2954.176,-14.8551,-0.5029,158798110,181529501.3
"23","000001.SH",2019-10-29,2954.176,2979.0365,2979.0365,2954.176,2980.0498,-25.8738,-0.8682,166110058,195288081.6
"24","000001.SH",2019-10-28,2980.0498,2958.686,2980.128,2956.9607,2954.9327,25.1171,0.85,173731481,198817012.2
"25","000001.SH",2019-10-25,2954.9327,2940.4741,2958.2409,2920.5195,2940.9215,14.0112,0.4764,136860706,160224090.6
"26","000001.SH",2019-10-24,2940.9215,2944.0067,2953.0441,2927.0612,2941.6188,-0.6973,-0.0237,126540290,141667233
"27","000001.SH",2019-10-23,2941.6188,2952.9693,2957.2995,2934.6274,2954.3799,-12.7611,-0.4319,123812881,139653650.5
"28","000001.SH",2019-10-22,2954.3799,2945.6001,2954.6415,2934.3873,2939.6179,14.762,0.5022,117482048,130381741.2
"29","000001.SH",2019-10-21,2939.6179,2933.8969,2940.3246,2917.6884,2938.1413,1.4766,0.0503,132475107,145685881.2
"30","000001.SH",2019-10-18,2938.1413,2982.3417,2987.2035,2933.2424,2977.3342,-39.1929,-1.3164,149990678,162018272.3
"31","000001.SH",2019-10-17,2977.3342,2979.9929,2986.7191,2969.568,2978.7124,-1.3782,-0.0463,122527614,136051252.1
"32","000001.SH",2019-10-16,2978.7124,2992.6103,3010.4241,2975.9233,2991.0459,-12.3335,-0.4123,149885496,166791549.4
"33","000001.SH",2019-10-15,2991.0459,3005.6646,3005.6646,2986.3033,3007.8834,-16.8375,-0.5598,155376904,169531932.5
"34","000001.SH",2019-10-14,3007.8834,2993.9617,3026.3834,2989.8125,2973.6558,34.2276,1.151,208614802,221201755.7
"35","000001.SH",2019-10-11,2973.6558,2954.8189,2980.7875,2943.0137,2947.7106,25.9452,0.8802,161203746,182747393.1
"36","000001.SH",2019-10-10,2947.7106,2923.7069,2949.2404,2918.2284,2924.8566,22.854,0.7814,134239752,157159976.8
"37","000001.SH",2019-10-09,2924.8566,2902.0751,2924.8566,2891.5394,2913.5704,11.2862,0.3874,130424144,150940230.8
"38","000001.SH",2019-10-08,2913.5704,2905.7559,2933.0163,2905.7559,2905.1892,8.3812,0.2885,125535812,151980792
"39","000001.SH",2019-09-30,2905.1892,2927.9165,2936.482,2905.1892,2932.167,-26.9778,-0.9201,116646811,142591702.5
"40","000001.SH",2019-09-27,2932.5491,2929.486,2939.0789,2920.93,2929.0875,3.4616,0.1182,132905777,153311002.4
"41","000001.SH",2019-09-26,2929.0875,2964.4776,2970.0354,2928.2589,2955.4325,-26.345,-0.8914,188932541,216277562.9
"42","000001.SH",2019-09-25,2955.4325,2977.6676,2977.6676,2955.4325,2985.3406,-29.9081,-1.0018,168543135,203782754.2
"43","000001.SH",2019-09-24,2985.3406,2979.4752,3002.8967,2973.7601,2977.0767,8.2639,0.2776,163902761,206245805.6
"44","000001.SH",2019-09-23,2977.0767,2998.3995,2998.3995,2960.827,3006.4467,-29.37,-0.9769,168139450,199130548.8
"45","000001.SH",2019-09-20,3006.4467,3004.8142,3011.34,2996.1929,2999.2789,7.1678,0.239,182145302,218390586.9
"46","000001.SH",2019-09-19,2999.2789,2992.9222,2999.2789,2975.3978,2985.6586,13.6203,0.4562,162690615,193206549.5
"47","000001.SH",2019-09-18,2985.6586,2984.0837,2996.4022,2982.4003,2978.1178,7.5408,0.2532,168046699,199953631.6
"48","000001.SH",2019-09-17,2978.1178,3023.7109,3023.7109,2970.5704,3030.7544,-52.6366,-1.7367,223338061,237738935.9
"49","000001.SH",2019-09-16,3030.7544,3041.922,3042.9284,3020.0495,3031.2351,-0.4807,-0.0159,221878959,237442265.4
"50","000001.SH",2019-09-12,3031.2351,3016.6267,3033.473,3005.1948,3008.8118,22.4233,0.7453,196968701,224576025.3
"51","000001.SH",2019-09-11,3008.8118,3029.9334,3030.557,3004.2152,3021.2024,-12.3906,-0.4101,229837362,263389555
"52","000001.SH",2019-09-10,3021.2024,3027.4103,3027.4103,3005.3825,3024.7388,-3.5364,-0.1169,240012947,275321751.6
"53","000001.SH",2019-09-09,3024.7388,3023.778,3026.2398,3005.6949,2999.6013,25.1375,0.838,243377752,286236532.1
"54","000001.SH",2019-09-06,2999.6013,2996.6216,2999.9434,2981.5983,2985.8648,13.7365,0.4601,216826035,258318744.9
"55","000001.SH",2019-09-05,2985.8648,2972.6619,3015.8443,2972.6619,2957.4116,28.4532,0.9621,305438706,340200666.6
"56","000001.SH",2019-09-04,2957.4116,2927.747,2957.4116,2925.8825,2930.1538,27.2578,0.9303,225495907,251212694
"57","000001.SH",2019-09-03,2930.1538,2925.9422,2930.1538,2915.1974,2924.1063,6.0475,0.2068,189001216,225070157.3
"58","000001.SH",2019-09-02,2924.1063,2886.9418,2928.4793,2883.6823,2886.2365,37.8698,1.3121,202786807,226043693.3
"59","000001.SH",2019-08-30,2886.2365,2907.3825,2914.5767,2874.1028,2890.9192,-4.6827,-0.162,193959951,224751169.9
"60","000001.SH",2019-08-29,2890.9192,2895.9991,2898.6046,2878.5878,2893.7564,-2.8372,-0.098,178613082,196332770.5
"61","000001.SH",2019-08-28,2893.7564,2901.6267,2905.4354,2887.0115,2902.1932,-8.4368,-0.2907,183097903,201805050.6
"62","000001.SH",2019-08-27,2902.1932,2879.5154,2919.6444,2879.406,2863.5673,38.6259,1.3489,208141794,230999692.9
"63","000001.SH",2019-08-26,2863.5673,2851.0158,2870.4939,2849.2381,2897.4253,-33.858,-1.1686,169895363,191036667.9
"64","000001.SH",2019-08-23,2897.4253,2885.151,2902.4563,2878.7443,2883.4358,13.9895,0.4852,159156826,192567132.7
"65","000001.SH",2019-08-22,2883.4358,2887.6649,2888.4969,2867.5522,2880.3307,3.1051,0.1078,149206215,169662167.2
"66","000001.SH",2019-08-21,2880.3307,2875.4708,2885.5861,2872.5573,2880.0012,0.3295,0.0114,159019665,183187275.2
"67","000001.SH",2019-08-20,2880.0012,2879.0816,2892.0796,2874.9988,2883.096,-3.0948,-0.1073,189677206,209774344.4
"68","000001.SH",2019-08-19,2883.096,2835.5181,2883.096,2829.8542,2823.8238,59.2722,2.099,214546668,247092216.3
"69","000001.SH",2019-08-16,2823.8238,2817.5708,2840.3164,2811.8016,2815.7976,8.0262,0.285,148582344,186139370.3
"70","000001.SH",2019-08-15,2815.7976,2762.339,2815.8964,2756.8341,2808.9146,6.883,0.245,152772152,173670539.2
"71","000001.SH",2019-08-14,2808.9146,2824.4864,2829.8906,2807.719,2797.2596,11.655,0.4167,144014641,173944883.3
"72","000001.SH",2019-08-13,2797.2596,2798.0512,2802.0415,2790.608,2814.9944,-17.7348,-0.63,130916505,153957510.6
"73","000001.SH",2019-08-12,2814.9944,2781.9816,2814.9944,2776.6197,2774.7532,40.2412,1.4503,131563433,162523259.8
"74","000001.SH",2019-08-09,2774.7532,2805.5856,2808.3289,2770.4777,2794.5523,-19.7991,-0.7085,148240293,171140338.8
"75","000001.SH",2019-08-08,2794.5523,2784.1835,2799.6859,2782.2447,2768.6795,25.8728,0.9345,149539564,178156148.4
"76","000001.SH",2019-08-07,2768.6795,2789.0187,2792.6934,2768.6795,2777.5559,-8.8764,-0.3196,157716752,176475728.4
"77","000001.SH",2019-08-06,2777.5559,2776.9889,2787.4185,2733.9242,2821.4957,-43.9398,-1.5573,231123727,255209231.2
"78","000001.SH",2019-08-05,2821.4957,2854.578,2863.6891,2821.4957,2867.8376,-46.3419,-1.6159,167419423,196891483.1
"79","000001.SH",2019-08-02,2867.8376,2861.3323,2872.473,2851.4402,2908.766,-40.9284,-1.4071,184888443,216327400.6
"80","000001.SH",2019-08-01,2908.766,2920.8506,2927.3421,2901.7503,2932.5058,-23.7398,-0.8095,142389813,171115635.7
"81","000001.SH",2019-07-31,2932.5058,2944.3977,2944.3977,2926.4853,2952.3383,-19.8325,-0.6718,141052348,164607873.5
"82","000001.SH",2019-07-30,2952.3383,2946.2566,2965.632,2946.2566,2941.007,11.3313,0.3853,148316462,170866349.9
"83","000001.SH",2019-07-29,2941.007,2943.918,2948.4665,2932.9773,2944.541,-3.534,-0.12,127991846,147439134.5
"84","000001.SH",2019-07-26,2944.541,2928.0614,2948.3261,2924.4513,2937.3601,7.1809,0.2445,139343388,158774666.1
"85","000001.SH",2019-07-25,2937.3601,2923.1886,2937.3601,2916.1498,2923.2775,14.0826,0.4817,145684385,175356381.7
"86","000001.SH",2019-07-24,2923.2775,2907.9275,2936.4522,2907.7865,2899.9446,23.3329,0.8046,155245762,178858104
"87","000001.SH",2019-07-23,2899.9446,2886.9044,2901.3591,2883.0457,2886.974,12.9706,0.4493,129310508,148077349.3
"88","000001.SH",2019-07-22,2886.974,2925.7882,2927.1601,2879.69,2924.2006,-37.2266,-1.2731,180674960,204289434.2
"89","000001.SH",2019-07-19,2924.2006,2909.6794,2939.5973,2909.6794,2901.1766,23.024,0.7936,149469553,149071212
"90","000001.SH",2019-07-18,2901.1766,2921.7387,2921.7387,2901.1766,2931.6926,-30.516,-1.0409,149888828,149088843.1
"91","000001.SH",2019-07-17,2931.6926,2933.0227,2942.0668,2924.4594,2937.6168,-5.9242,-0.2017,149631616,152162962.6
"92","000001.SH",2019-07-16,2937.6168,2938.6411,2944.821,2931.2926,2942.1853,-4.5685,-0.1553,131811751,140766389
"93","000001.SH",2019-07-15,2942.1853,2921.546,2955.0003,2886.6993,2930.5462,11.6391,0.3972,167643397,176533201.2
"94","000001.SH",2019-07-12,2930.5462,2915.3401,2938.5311,2905.809,2917.7609,12.7853,0.4382,137794759,142918869.6
"95","000001.SH",2019-07-11,2917.7609,2928.0553,2945.8023,2907.8852,2915.3022,2.4587,0.0843,143692522,152181408
"96","000001.SH",2019-07-10,2915.3022,2935.1855,2936.7519,2908.162,2928.2295,-12.9273,-0.4415,135483538,141236258.6
"97","000001.SH",2019-07-09,2928.2295,2928.8188,2937.7621,2912.8063,2933.3634,-5.1339,-0.175,145110604,154251421.8
"98","000001.SH",2019-07-08,2933.3634,2997.8067,2997.8067,2918.7157,3011.0588,-77.6954,-2.5803,211541268,205568813.5
"99","000001.SH",2019-07-05,3011.0588,3004.7383,3014.8474,2990.9247,3005.2488,5.81,0.1933,156755429,163180842.8
"100","000001.SH",2019-07-04,3005.2488,3015.6785,3024.5023,2991.9079,3015.2633,-10.0145,-0.3321,194415133,202266388.6
"101","000001.SH",2019-07-03,3015.2633,3031.832,3031.832,3006.3246,3043.9428,-28.6795,-0.9422,212296173,218657994.4
"102","000001.SH",2019-07-02,3043.9428,3042.58,3048.4839,3033.7809,3044.9028,-0.96,-0.0315,214520624,229566616.5
"103","000001.SH",2019-07-01,3044.9028,3024.6238,3045.3669,3014.6871,2978.8784,66.0244,2.2164,250840433,266541056.9
"104","000001.SH",2019-06-28,2978.8784,2992.2426,2992.2426,2961.2225,2996.7926,-17.9142,-0.5978,181431523,183641767.3
"105","000001.SH",2019-06-27,2996.7926,2982.6125,3011.538,2981.045,2976.2837,20.5089,0.6891,195397049,208618648.1
"106","000001.SH",2019-06-26,2976.2837,2964.6153,2986.9139,2958.4632,2982.0738,-5.7901,-0.1942,174449533,172516055.2
"107","000001.SH",2019-06-25,2982.0738,3004.9095,3004.9095,2948.9907,3008.1479,-26.0741,-0.8668,243699244,244315077.4
"108","000001.SH",2019-06-24,3008.1479,3004.2891,3012.826,2994.4219,3001.9802,6.1677,0.2055,210493894,211237183
"109","000001.SH",2019-06-21,3001.9802,2990.3687,3010.349,2989.2454,2987.1186,14.8616,0.4975,286973835,276662458.5
"110","000001.SH",2019-06-20,2987.1186,2917.331,2997.3888,2915.0895,2917.8029,69.3157,2.3756,291011537,288296546.4
"111","000001.SH",2019-06-19,2917.8029,2944.1154,2953.3355,2916.2149,2890.158,27.6449,0.9565,230756973,225567258
"112","000001.SH",2019-06-18,2890.158,2891.0917,2898.3304,2874.3129,2887.6221,2.5359,0.0878,147705320,136935231.7
"113","000001.SH",2019-06-17,2887.6113,2880.4226,2902.4808,2877.3941,2881.9743,5.637,0.1956,153964960,143141637.3
"114","000001.SH",2019-06-14,2881.9743,2912.9988,2924.3197,2879.6573,2910.7406,-28.7663,-0.9883,215435796,194303111.8
"115","000001.SH",2019-06-13,2910.7406,2905.2877,2918.4227,2885.9232,2909.3796,1.361,0.0468,212957791,191748206.7
"116","000001.SH",2019-06-12,2909.3796,2917.2239,2924.7018,2903.8833,2925.7162,-16.3366,-0.5584,240255775,223063953.3
"117","000001.SH",2019-06-11,2925.7162,2854.0704,2927.4303,2854.0704,2852.1302,73.586,2.58,260525796,254479985.8
"118","000001.SH",2019-06-10,2852.1302,2833.0145,2861.131,2824.3554,2827.7978,24.3324,0.8605,166585918,162489831.4
"119","000001.SH",2019-06-06,2827.7978,2862.3327,2862.3327,2822.1853,2861.4181,-33.6203,-1.175,177064411,164850546.7
"120","000001.SH",2019-06-05,2861.4181,2882.9369,2888.7676,2858.5719,2862.2803,-0.8622,-0.0301,181561047,175200844.2
"121","000001.SH",2019-06-04,2862.2803,2887.6405,2888.3861,2851.9728,2890.0809,-27.8006,-0.9619,188463541,181118915.5
"122","000001.SH",2019-06-03,2890.0809,2901.7424,2920.8292,2875.9019,2898.6961,-8.6152,-0.2972,215943554,208073320.3
"123","000001.SH",2019-05-31,2898.6961,2904.4976,2922.9075,2895.5778,2905.8054,-7.1093,-0.2447,195230580,191280403.6
"124","000001.SH",2019-05-30,2905.8054,2903.4246,2907.8463,2881.3802,2914.6964,-8.891,-0.305,205758789,197105555.8
"125","000001.SH",2019-05-29,2914.6964,2894.8297,2934.9768,2890.6645,2909.9106,4.7858,0.1645,198958821,202855039.2
"126","000001.SH",2019-05-28,2909.9106,2890.2658,2924.0395,2887.0835,2892.3782,17.5324,0.6062,223310557,227253813.7
"127","000001.SH",2019-05-27,2892.3782,2851.2809,2898.129,2833.0363,2852.9948,39.3834,1.3804,196720902,193768714.3
"128","000001.SH",2019-05-24,2852.9948,2847.8356,2871.8555,2846.0215,2852.5153,0.4795,0.0168,167205490,162689316.2
"129","000001.SH",2019-05-23,2852.5153,2880.8426,2885.1389,2846.956,2891.7046,-39.1893,-1.3552,197340309,192869487.3
"130","000001.SH",2019-05-22,2891.7046,2905.5241,2912.3952,2879.6437,2905.9688,-14.2642,-0.4909,200026905,193629366.6
"131","000001.SH",2019-05-21,2905.9688,2867.7066,2919.2373,2862.4951,2870.6046,35.3642,1.2319,211387022,202777774.1
"132","000001.SH",2019-05-20,2870.6046,2874.8011,2882.6294,2838.453,2882.2962,-11.6916,-0.4056,209472442,199210776.2
"133","000001.SH",2019-05-17,2882.2962,2955.7669,2956.7832,2873.7998,2955.711,-73.4148,-2.4838,266301643,247875177.7
"134","000001.SH",2019-05-16,2955.711,2933.4954,2956.171,2929.0645,2938.6781,17.0329,0.5796,248385701,226203068.9
"135","000001.SH",2019-05-15,2938.6781,2902.6423,2945.3946,2902.6423,2883.6107,55.0674,1.9097,230519701,226262785.6
"136","000001.SH",2019-05-14,2883.6107,2872.8336,2909.2041,2872.8336,2903.7131,-20.1024,-0.6923,208345353,201223315.4
"137","000001.SH",2019-05-13,2903.7131,2905.067,2921.4103,2892.1745,2939.2106,-35.4975,-1.2077,212029882,202624125
"138","000001.SH",2019-05-10,2939.2106,2878.2344,2941.4539,2838.3847,2850.9537,88.2569,3.0957,282306808,274176262
"139","000001.SH",2019-05-09,2850.9537,2871.1968,2888.8596,2845.0374,2893.7567,-42.803,-1.4791,200041133,197446880.7
"140","000001.SH",2019-05-08,2893.7567,2873.1433,2929.4306,2866.7041,2926.3908,-32.6341,-1.1152,231530519,218892618.3
"141","000001.SH",2019-05-07,2926.3908,2914.2914,2937.2832,2889.0732,2906.464,19.9268,0.6856,253281769,245444215.2
"142","000001.SH",2019-05-06,2906.464,2984.7273,2986.5399,2876.4688,3078.3389,-171.8749,-5.5834,326972269,314336519.4
"143","000001.SH",2019-04-30,3078.3389,3052.6223,3088.4074,3052.6223,3062.4985,15.8404,0.5172,222302517,225498129.2
"144","000001.SH",2019-04-29,3062.4985,3090.6331,3107.7605,3050.0261,3086.3989,-23.9004,-0.7744,292114886,289063278.9
"145","000001.SH",2019-04-26,3086.3989,3108.1635,3129.2134,3085.8049,3123.8261,-37.4272,-1.1981,280873854,274776402.3
"146","000001.SH",2019-04-25,3123.8261,3190.5851,3193.7494,3123.0258,3201.6137,-77.7876,-2.4296,325879129,309076083.7
"147","000001.SH",2019-04-24,3201.6137,3203.5588,3210.6508,3156.607,3198.5938,3.0199,0.0944,274872164,278410852.5
"148","000001.SH",2019-04-23,3198.5938,3211.8719,3231.5815,3186.7569,3215.0426,-16.4488,-0.5116,328361207,324870183.4
"149","000001.SH",2019-04-22,3215.0426,3278.4906,3279.4894,3206.878,3270.7973,-55.7547,-1.7046,353217387,359154297.1
"150","000001.SH",2019-04-19,3270.7973,3250.1452,3274.3347,3226.8124,3250.2012,20.5961,0.6337,315198004,315131920.2
"151","000001.SH",2019-04-18,3250.2012,3261.0742,3271.3878,3241.8257,3263.1179,-12.9167,-0.3958,325539942,323508178.6
"152","000001.SH",2019-04-17,3263.1179,3250.1518,3275.3335,3239.8048,3253.5978,9.5201,0.2926,357541796,354509888.1
"153","000001.SH",2019-04-16,3253.5978,3164.3969,3253.5978,3153.2062,3177.7866,75.8112,2.3857,357918752,360166633.6
"154","000001.SH",2019-04-15,3177.7866,3233.4583,3253.9763,3177.2698,3188.6256,-10.839,-0.3399,348809785,355666127.7
"155","000001.SH",2019-04-12,3188.6256,3184.8595,3199.278,3168.0421,3189.9619,-1.3363,-0.0419,289788996,288908971.2
"156","000001.SH",2019-04-11,3189.9619,3241.5474,3254.1259,3185.546,3241.9299,-51.968,-1.603,353031879,360684555.9
"157","000001.SH",2019-04-10,3241.9299,3224.6454,3264.7778,3204.8785,3239.6639,2.266,0.0699,380134408,395669974.9
"158","000001.SH",2019-04-09,3239.6639,3240.3938,3251.6458,3215.7048,3244.8103,-5.1464,-0.1586,364169997,380272975.9
"159","000001.SH",2019-04-08,3244.8103,3271.2722,3288.4531,3210.5151,3246.5714,-1.7611,-0.0542,504518403,506431236.8
"160","000001.SH",2019-04-04,3246.5714,3233.6886,3254.1401,3216.8545,3216.2952,30.2762,0.9413,469117669,475156382.1
"161","000001.SH",2019-04-03,3216.2952,3159.1468,3219.2564,3152.3319,3176.8227,39.4725,1.2425,430548635,442622041
"162","000001.SH",2019-04-02,3176.8227,3183.2736,3193.2717,3164.9066,3170.361,6.4617,0.2038,447068981,462662081.8
"163","000001.SH",2019-04-01,3170.361,3111.6619,3176.6221,3111.6619,3090.758,79.603,2.5755,466124693,480085938.4
"164","000001.SH",2019-03-29,3090.758,3000.6783,3093.0329,2999.9866,2994.9434,95.8146,3.1992,375082991,386699608.7
"165","000001.SH",2019-03-28,2994.9434,3009.7988,3025.7789,2991.7789,3022.7196,-27.7762,-0.9189,288106425,289554565.5
"166","000001.SH",2019-03-27,3022.7196,3012.2573,3022.7623,2987.7717,2997.0954,25.6242,0.855,291390357,295075954.8
"167","000001.SH",2019-03-26,2997.0954,3057.559,3062.6896,2988.4905,3043.0313,-45.9359,-1.5095,353498021,341444826.6
"168","000001.SH",2019-03-25,3043.0313,3058.8016,3086.9961,3041.9504,3104.1487,-61.1174,-1.9689,380278762,375375662.8
"169","000001.SH",2019-03-22,3104.1487,3100.7264,3107.2754,3064.884,3101.455,2.6937,0.0869,364848346,356678335
"170","000001.SH",2019-03-21,3101.455,3094.1247,3125.0192,3086.85,3090.6403,10.8147,0.3499,414251182,403939834.7
"171","000001.SH",2019-03-20,3090.6403,3084.1704,3102.5203,3053.4519,3090.975,-0.3347,-0.0108,358557505,349295405.5
"172","000001.SH",2019-03-19,3090.975,3099.8971,3113.4325,3076.3627,3096.4176,-5.4426,-0.1758,350908860,353216791.3
"173","000001.SH",2019-03-18,3096.4176,3027.8012,3096.4176,3009.5071,3021.7512,74.6664,2.471,397797179,398469604.8
"174","000001.SH",2019-03-15,3021.7512,3000.8789,3048.1212,2999.4317,2990.685,31.0662,1.0388,341206139,344721502.7
"175","000001.SH",2019-03-14,2990.685,3013.597,3041.1557,2968.8237,3026.9513,-36.2663,-1.1981,373141798,356240351.2
"176","000001.SH",2019-03-13,3026.9513,3062.3267,3065.2884,3013.9319,3060.3073,-33.356,-1.09,453214625,451247303.7
"177","000001.SH",2019-03-12,3060.3073,3049.0844,3093.3913,3029.8999,3026.9925,33.3148,1.1006,511173158,487066630.2
"178","000001.SH",2019-03-11,3026.9925,2969.0802,3028.2543,2963.5834,2969.8614,57.1311,1.9237,426213029,404368420.3
"179","000001.SH",2019-03-08,2969.8614,3038.3362,3075.0461,2969.5815,3106.4179,-136.5565,-4.3959,577855473,525598246.4
"180","000001.SH",2019-03-07,3106.4179,3103.6677,3129.9395,3074.9784,3102.0991,4.3188,0.1392,583817065,525725224.7
"181","000001.SH",2019-03-06,3102.0991,3060.4327,3103.8251,3050.1113,3054.2466,47.8525,1.5668,555006365,485478321.3
"182","000001.SH",2019-03-05,3054.2466,3019.8797,3054.9617,3009.4476,3027.5755,26.6711,0.8809,424142529,382768537.2
"183","000001.SH",2019-03-04,3027.5755,3015.9427,3090.7959,3006.9417,2994.005,33.5705,1.1213,525649436,480603655.5
"184","000001.SH",2019-03-01,2994.005,2954.4021,2994.005,2930.8345,2940.9538,53.0512,1.8039,345786200,307337666.7
"185","000001.SH",2019-02-28,2940.9538,2950.0548,2965.3037,2930.195,2953.8242,-12.8704,-0.4357,350206602,298763953.1
"186","000001.SH",2019-02-27,2953.8242,2939.9287,2997.4882,2924.6432,2941.5163,12.3079,0.4184,474976453,411837618.7
"187","000001.SH",2019-02-26,2941.5163,2969.0976,2995.6762,2938.6227,2961.2834,-19.7671,-0.6675,565557967,492396545.2
"188","000001.SH",2019-02-25,2961.2834,2838.3896,2961.7951,2838.3896,2804.2262,157.0572,5.6007,528658590,465991432.6
"189","000001.SH",2019-02-22,2804.2262,2749.4615,2804.2262,2736.3324,2751.8012,52.425,1.9051,301481411,264518879.2
"190","000001.SH",2019-02-21,2751.8012,2759.9383,2794.0131,2744.9762,2761.2189,-9.4177,-0.3411,298649969,253033376.9
"191","000001.SH",2019-02-20,2761.2189,2761.0588,2767.4109,2739.9783,2755.6459,5.573,0.2022,245972527,205446929.3
"192","000001.SH",2019-02-19,2755.6459,2759.496,2780.7837,2737.5864,2754.3566,1.2893,0.0468,288046271,247121050.5
"193","000001.SH",2019-02-18,2754.3566,2699.8171,2754.3566,2699.8171,2682.385,71.9716,2.6831,260436007,224184077.2
"194","000001.SH",2019-02-15,2682.385,2712.7862,2715.6321,2679.7849,2719.6999,-37.3149,-1.372,196004265,169823260.3
"195","000001.SH",2019-02-14,2719.6999,2715.5358,2729.455,2707.4865,2721.0683,-1.3684,-0.0503,197037349,170330837.1
"196","000001.SH",2019-02-13,2721.0683,2674.5198,2727.075,2666.522,2671.8937,49.1746,1.8404,243794010,207125315.9
"197","000001.SH",2019-02-12,2671.8937,2654.0349,2674.4778,2648.8295,2653.896,17.9977,0.6782,184101179,156741540.4
"198","000001.SH",2019-02-11,2653.896,2613.1742,2654.0964,2613.1742,2618.2323,35.6637,1.3621,154898858,137307190
"199","000001.SH",2019-02-01,2618.2323,2597.7777,2618.4765,2590.5543,2584.5724,33.6599,1.3023,131986850,111522628.3
"200","000001.SH",2019-01-31,2584.5724,2581.3315,2606.6283,2571.5789,2575.5756,8.9968,0.3493,154303869,126013247.4
"201","000001.SH",2019-01-30,2575.5756,2584.7459,2598.815,2575.4091,2594.2536,-18.678,-0.72,120502571,101103927.5
"202","000001.SH",2019-01-29,2594.2536,2592.3549,2601.7358,2559.982,2596.9767,-2.7231,-0.1049,155581112,126749049.4
"203","000001.SH",2019-01-28,2596.9767,2615.7118,2630.3183,2591.1,2601.7234,-4.7467,-0.1824,146981765,127465636.7
"204","000001.SH",2019-01-25,2601.7234,2596.2618,2617.0022,2595.6294,2591.6935,10.0299,0.387,159394026,135415167.7
"205","000001.SH",2019-01-24,2591.6935,2584.6481,2597.2894,2569.7004,2581.0041,10.6894,0.4142,154042046,131575040.3
"206","000001.SH",2019-01-23,2581.0041,2575.2583,2589.5128,2572.4054,2579.7041,1.3,0.0504,131426798,105101323.6
"207","000001.SH",2019-01-22,2579.7041,2609.6421,2609.6421,2573.0617,2610.5094,-30.8053,-1.18,152537773,122995435.4
"208","000001.SH",2019-01-21,2610.5094,2599.0575,2618.9801,2599.0575,2596.0056,14.5038,0.5587,163425115,139915486.2
"209","000001.SH",2019-01-18,2596.0056,2567.7386,2598.8836,2565.9043,2559.637,36.3686,1.4208,190767237,151270430.6
"210","000001.SH",2019-01-17,2559.637,2573.5755,2582.556,2557.7114,2570.422,-10.785,-0.4196,162468134,127546126.7
"211","000001.SH",2019-01-16,2570.4221,2569.0697,2574.2362,2563.0061,2570.3449,0.0772,0.003,149301539,126876314.4
"212","000001.SH",2019-01-15,2570.3449,2537.3697,2571.5016,2532.4333,2535.7653,34.5796,1.3637,160265530,137374981.3
"213","000001.SH",2019-01-14,2535.7653,2553.3284,2556.2939,2533.0101,2553.8312,-18.0659,-0.7074,144825464,116243416.8
"214","000001.SH",2019-01-11,2553.8313,2539.5487,2554.7869,2533.3586,2535.0985,18.7328,0.7389,149444100,122375663.4
"215","000001.SH",2019-01-10,2535.0985,2543.8534,2551.8257,2531.6638,2544.3449,-9.2464,-0.3634,159874326,132692331.5
"216","000001.SH",2019-01-09,2544.3449,2536.4173,2574.4079,2536.157,2526.4622,17.8827,0.7078,191887930,160812527
"217","000001.SH",2019-01-08,2526.4622,2530.3001,2531.345,2520.1648,2533.0886,-6.6264,-0.2616,158099181,123379039.8
"218","000001.SH",2019-01-07,2533.0887,2528.6987,2536.9775,2515.5083,2514.8682,18.2205,0.7245,177305010,145513241.6
"219","000001.SH",2019-01-04,2514.8682,2446.0193,2515.316,2440.9066,2464.3628,50.5054,2.0494,168877667,139298675
"220","000001.SH",2019-01-03,2464.3628,2461.7829,2488.479,2455.9256,2465.291,-0.9282,-0.0377,124397497,106922789.5
"221","000001.SH",2019-01-02,2465.291,2497.8805,2500.2783,2456.4233,2493.8962,-28.6052,-1.147,109932013,97592572
"222","000001.SH",2018-12-28,2493.8962,2483.6171,2505.1138,2478.325,2483.0864,10.8098,0.4353,119245250,105980853
"223","000001.SH",2018-12-27,2483.0864,2527.7167,2532.0022,2483.0864,2498.2939,-15.2075,-0.6087,135406843,112479760.5
"224","000001.SH",2018-12-26,2498.2939,2501.1199,2513.8264,2492.0758,2504.819,-6.5251,-0.2605,108799629,93989532.6
"225","000001.SH",2018-12-25,2504.819,2503.9498,2513.9641,2462.8448,2527.007,-22.188,-0.878,140670560,114766008.8
"226","000001.SH",2018-12-24,2527.0071,2506.7372,2529.4395,2500.443,2516.2505,10.7566,0.4275,97339852,85760935.8
"227","000001.SH",2018-12-21,2516.2506,2526.5535,2527.4214,2498.6937,2536.2675,-20.0169,-0.7892,115671200,101360622.8
"228","000001.SH",2018-12-20,2536.2675,2544.5054,2554.8586,2516.0193,2549.5634,-13.2959,-0.5215,120566496,103504982.7
"229","000001.SH",2018-12-19,2549.5634,2578.675,2579.8743,2547.0783,2576.6495,-27.0861,-1.0512,107661797,93713175
"230","000001.SH",2018-12-18,2576.6495,2583.6343,2599.1479,2563.5731,2597.9737,-21.3242,-0.8208,117033370,99306536.4
"231","000001.SH",2018-12-17,2597.9737,2587.2632,2598.967,2573.8674,2593.7406,4.2331,0.1632,117363250,102960848.5
"232","000001.SH",2018-12-14,2593.7407,2627.2833,2629.1641,2593.7407,2634.0491,-40.3084,-1.5303,145942488,123724985.2
"233","000001.SH",2018-12-13,2634.0491,2607.144,2645.8367,2599.4586,2602.1526,31.8965,1.2258,150738115,132396107
"234","000001.SH",2018-12-12,2602.1526,2608.1141,2610.0086,2595.075,2594.0881,8.0645,0.3109,103518301,88998195.8
"235","000001.SH",2018-12-11,2594.0881,2587.0148,2596.1464,2583.1959,2584.5821,9.506,0.3678,101304364,85404123.4
"236","000001.SH",2018-12-10,2584.5822,2589.194,2599.7615,2576.2424,2605.8876,-21.3054,-0.8176,113199669,99148143
"237","000001.SH",2018-12-07,2605.8876,2609.3408,2614.5817,2599.2775,2605.1813,0.7063,0.0271,109074993,97727662.6
"238","000001.SH",2018-12-06,2605.1813,2629.8196,2633.6778,2603.1323,2649.8051,-44.6238,-1.684,141661650,129092979.7
"239","000001.SH",2018-12-05,2649.8051,2629.8328,2660.3888,2625.9132,2665.9577,-16.1526,-0.6059,154502056,133730209
"240","000001.SH",2018-12-04,2665.9577,2651.5613,2666.0784,2644.8964,2654.7979,11.1598,0.4204,167940558,144143400
"241","000001.SH",2018-12-03,2654.798,2647.1319,2665.298,2629.1843,2588.1875,66.6105,2.5736,207478955,187831789.1
"242","000001.SH",2018-11-30,2588.1875,2564.5644,2590.2102,2555.3223,2567.4434,20.7441,0.808,139329021,112219827.2
"243","000001.SH",2018-11-29,2567.4434,2613.7805,2617.5479,2567.4434,2601.7365,-34.2931,-1.3181,157168738,129472448
"244","000001.SH",2018-11-28,2601.7365,2575.4541,2601.9626,2561.5618,2574.6792,27.0573,1.0509,145963473,119578491.7
"245","000001.SH",2018-11-27,2574.6792,2585.8261,2592.5353,2566.1663,2575.8101,-1.1309,-0.0439,123658436,102226561.4
"246","000001.SH",2018-11-26,2575.8101,2580.8424,2594.9966,2568.0352,2579.4831,-3.673,-0.1424,134314540,108158093
"247","000001.SH",2018-11-23,2579.4831,2640.6674,2642.0356,2577.3511,2645.4339,-65.9508,-2.493,191474549,149975643.9
"248","000001.SH",2018-11-22,2645.4339,2655.8964,2658.0011,2634.4827,2651.5052,-6.0713,-0.229,149309063,125570173.8
"249","000001.SH",2018-11-21,2651.5053,2619.8211,2653.796,2617.7759,2645.8545,5.6508,0.2136,182596447,149375782.4
"250","000001.SH",2018-11-20,2645.8545,2684.2874,2690.8299,2643.3588,2703.5116,-57.6571,-2.1327,215891309,180870411.8
"251","000001.SH",2018-11-19,2703.5116,2681.8988,2703.5116,2674.1781,2679.1097,24.4019,0.9108,231662827,196562706.7
"252","000001.SH",2018-11-16,2679.1097,2669.7799,2695.5689,2657.0341,2668.1704,10.9393,0.41,242198849,204983603.9
"253","000001.SH",2018-11-15,2668.1704,2632.1379,2668.1704,2631.8875,2632.2424,35.928,1.3649,207848721,171882491.6
"254","000001.SH",2018-11-14,2632.2425,2648.3091,2658.3072,2627.9565,2654.8795,-22.637,-0.8527,238449351,176970430.7
"255","000001.SH",2018-11-13,2654.8795,2600.5004,2666.4853,2597.3477,2630.5195,24.36,0.9261,249282447,189607223.5
"256","000001.SH",2018-11-12,2630.5195,2593.2004,2631.1696,2590.2106,2598.8715,31.648,1.2178,175031308,142351428.4
"257","000001.SH",2018-11-09,2598.8715,2621.238,2621.238,2598.1609,2635.6322,-36.7607,-1.3948,152446307,121260494.1
"258","000001.SH",2018-11-08,2635.6322,2660.0873,2662.3688,2632.3012,2641.342,-5.7098,-0.2162,159635487,128668816.7
"259","000001.SH",2018-11-07,2641.342,2659.8446,2675.6772,2639.2463,2659.3564,-18.0144,-0.6774,173201986,147261808.7
"260","000001.SH",2018-11-06,2659.3564,2660.7193,2660.8627,2635.3207,2665.4306,-6.0742,-0.2279,163669479,138800936.4
"261","000001.SH",2018-11-05,2665.4306,2665.427,2673.1879,2639.2707,2676.4762,-11.0456,-0.4127,193760100,168588913.4
"262","000001.SH",2018-11-02,2676.4762,2649.2512,2676.4762,2628.8697,2606.2372,70.239,2.695,225026921,207861569
"263","000001.SH",2018-11-01,2606.2372,2617.0325,2636.7992,2603.6514,2602.7832,3.454,0.1327,200903932,180253805.6
"264","000001.SH",2018-10-31,2602.7832,2573.0146,2612.9221,2567.0274,2568.0481,34.7351,1.3526,180550348,154894735.3
"265","000001.SH",2018-10-30,2568.0481,2538.5737,2586.9188,2521.7836,2542.1033,25.9448,1.0206,166682309,152385935
"266","000001.SH",2018-10-29,2542.1033,2593.5908,2595.5365,2529.1883,2598.8467,-56.7434,-2.1834,134241923,122500040.5
"267","000001.SH",2018-10-26,2598.8468,2610.8982,2626.116,2580.8452,2603.7995,-4.9527,-0.1902,158936119,133415492.8
"268","000001.SH",2018-10-25,2603.7995,2540.9347,2606.1007,2531.5349,2603.295,0.5045,0.0194,162032979,137630180.9
"269","000001.SH",2018-10-24,2603.2951,2579.9715,2640.4017,2577.7725,2594.8255,8.4696,0.3264,160060407,142082168.7
"270","000001.SH",2018-10-23,2594.8255,2652.6476,2659.8123,2583.2605,2654.8762,-60.0507,-2.2619,178343543,166919412.3
"271","000001.SH",2018-10-22,2654.8762,2565.6444,2675.4063,2565.6444,2550.4652,104.411,4.0938,211888449,197309813
"272","000001.SH",2018-10-19,2550.4652,2460.0808,2553.3867,2449.197,2486.4186,64.0466,2.5759,147323558,130095922.3
"273","000001.SH",2018-10-18,2486.4186,2544.911,2544.911,2485.6192,2561.614,-75.1954,-2.9355,125428513,106576761.1
"274","000001.SH",2018-10-17,2561.614,2574.3127,2582.5485,2517.5728,2546.3296,15.2844,0.6003,129953997,117388355.7
"275","000001.SH",2018-10-16,2546.3296,2567.7643,2597.7152,2536.441,2568.0984,-21.7688,-0.8477,119419144,106792245.5
"276","000001.SH",2018-10-15,2568.0984,2605.9124,2611.9685,2564.7375,2606.9125,-38.8141,-1.4889,118576197,105214738.3
"277","000001.SH",2018-10-12,2606.9125,2574.0415,2615.9169,2536.6653,2583.4575,23.455,0.9079,170081635,142803208.9
"278","000001.SH",2018-10-11,2583.4575,2643.074,2661.2859,2560.3164,2725.8367,-142.3792,-5.2233,197150702,170057762.5
"279","000001.SH",2018-10-10,2725.8367,2723.7242,2743.548,2703.0626,2721.013,4.8237,0.1773,113485736,111312455.3
"280","000001.SH",2018-10-09,2721.013,2713.7319,2734.3142,2711.1971,2716.5104,4.5026,0.1657,116771899,110292457.8
"281","000001.SH",2018-10-08,2716.5104,2768.2075,2771.9384,2710.1781,2821.3501,-104.8397,-3.7159,149501388,141531551.8
"282","000001.SH",2018-09-28,2821.3501,2794.2644,2821.7553,2791.8363,2791.7748,29.5753,1.0594,134290456,125369989.4
"283","000001.SH",2018-09-27,2791.7748,2805.793,2810.5062,2786.3217,2806.8133,-15.0385,-0.5358,123997696,123447711.6
"284","000001.SH",2018-09-26,2806.8133,2785.3165,2827.3413,2783.3419,2781.1385,25.6748,0.9232,139567706,145058769.4
"285","000001.SH",2018-09-25,2781.1385,2775.0663,2790.0321,2771.1595,2797.4848,-16.3463,-0.5843,111983179,108528047.8
"286","000001.SH",2018-09-21,2797.4848,2733.8742,2797.4851,2722.0319,2729.2438,68.241,2.5004,158016642,148976357.2
"287","000001.SH",2018-09-20,2729.2438,2732.1697,2743.9645,2724.0835,2730.8503,-1.6065,-0.0588,111387463,104875868.9
"288","000001.SH",2018-09-19,2730.8503,2694.7992,2746.0796,2690.9942,2699.9501,30.9002,1.1445,141550318,140107010.3
"289","000001.SH",2018-09-18,2699.9501,2644.2961,2700.1934,2644.2961,2651.7886,48.1615,1.8162,115767993,113031888.6
"290","000001.SH",2018-09-17,2651.7886,2671.2907,2671.2907,2647.9153,2681.643,-29.8544,-1.1133,88238888,86962599.2
"291","000001.SH",2018-09-14,2681.6431,2688.7787,2694.9201,2675.2896,2686.5784,-4.9353,-0.1837,100005008,104992360
"292","000001.SH",2018-09-13,2686.5784,2679.2077,2689.0624,2653.1894,2656.1101,30.4683,1.1471,107335014,112464143.2
"293","000001.SH",2018-09-12,2656.1101,2659.744,2672.0735,2647.1701,2664.7997,-8.6896,-0.3261,90026758,93448206.2
"294","000001.SH",2018-09-11,2664.7997,2668.4872,2680.5727,2652.7044,2669.4845,-4.6848,-0.1755,99865946,96884582.2
"295","000001.SH",2018-09-10,2669.4845,2698.0107,2703.4285,2667.3168,2702.3007,-32.8162,-1.2144,103559170,102860716.6
"296","000001.SH",2018-09-07,2702.3007,2696.6775,2728.5464,2683.7193,2691.5929,10.7078,0.3978,107523293,113840071.3
"297","000001.SH",2018-09-06,2691.5929,2697.5777,2719.4055,2683.7445,2704.3368,-12.7439,-0.4712,99017833,106266080.2
"298","000001.SH",2018-09-05,2704.3368,2741.3801,2745.4673,2704.3368,2750.5804,-46.2436,-1.6812,105002269,107269446.9
"299","000001.SH",2018-09-04,2750.5804,2720.6477,2756.6071,2712.376,2720.7344,29.846,1.097,109010307,113708888
"300","000001.SH",2018-09-03,2720.7344,2716.4037,2722.8524,2692.3644,2725.2499,-4.5155,-0.1657,102213011,104817688
"301","000001.SH",2018-08-31,2725.2499,2730.1132,2744.6311,2710.5368,2737.7367,-12.4868,-0.4561,109758742,114813353.9
"302","000001.SH",2018-08-30,2737.7367,2769.3322,2780.5271,2736.346,2769.2947,-31.558,-1.1396,106060943,106400401.3
"303","000001.SH",2018-08-29,2769.2947,2774.8646,2778.5393,2762.35,2777.9808,-8.6861,-0.3127,100156929,101220664.9
"304","000001.SH",2018-08-28,2777.9808,2782.2927,2791.3898,2769.4013,2780.899,-2.9182,-0.1049,118749367,125118576.7
"305","000001.SH",2018-08-27,2780.899,2736.3185,2780.899,2736.3185,2729.4308,51.4682,1.8857,132762578,141429679.6
"306","000001.SH",2018-08-24,2729.4308,2717.0812,2748.8243,2705.3237,2724.6244,4.8064,0.1764,100516269,102665800.5
"307","000001.SH",2018-08-23,2724.6244,2714.867,2736.0101,2700.8042,2714.6082,10.0162,0.369,98446470,107826017.2
"308","000001.SH",2018-08-22,2714.6082,2731.9576,2731.9576,2709.0615,2733.8264,-19.2182,-0.703,93664640,98463969.9
"309","000001.SH",2018-08-21,2733.8264,2700.3416,2739.1732,2696.2923,2698.4658,35.3606,1.3104,113586839,122260216.3
"310","000001.SH",2018-08-20,2698.4658,2673.0662,2698.4658,2653.1119,2668.966,29.4998,1.1053,110784164,114047616.4
"311","000001.SH",2018-08-17,2668.966,2723.8871,2730.3326,2665.5918,2705.1917,-36.2257,-1.3391,112445294,115499397
"312","000001.SH",2018-08-16,2705.1917,2691.426,2732.9489,2672.7407,2723.2576,-18.0659,-0.6634,120277878,117580995
"313","000001.SH",2018-08-15,2723.2576,2777.2493,2777.7032,2721.2404,2780.9646,-57.707,-2.0751,116161787,118707674.1
"314","000001.SH",2018-08-14,2780.9646,2780.7357,2789.4437,2766.5693,2785.872,-4.9074,-0.1762,109571077,112465397
"315","000001.SH",2018-08-13,2785.872,2769.0166,2789.7983,2742.5599,2795.3099,-9.4379,-0.3376,127532241,129460540.4
"316","000001.SH",2018-08-10,2795.3099,2791.4018,2806.1149,2777.5061,2794.3818,0.9281,0.0332,121532232,123112594.3
"317","000001.SH",2018-08-09,2794.3818,2729.5787,2801.6592,2726.2153,2744.0696,50.3122,1.8335,151660333,151079880.2
"318","000001.SH",2018-08-08,2744.0696,2771.1286,2779.9124,2741.067,2779.374,-35.3044,-1.2702,147688715,139969762.8
"319","000001.SH",2018-08-07,2779.374,2711.7361,2779.374,2696.0391,2705.1565,74.2175,2.7436,149579743,147259486.4
"320","000001.SH",2018-08-06,2705.1565,2736.5256,2760.4744,2692.3216,2740.4429,-35.2864,-1.2876,129753058,132993799.7
"321","000001.SH",2018-08-03,2740.4429,2763.3957,2777.6572,2740.4317,2768.0239,-27.581,-0.9964,127006363,129134687.5
"322","000001.SH",2018-08-02,2768.0239,2815.3438,2815.3438,2726.4825,2824.5337,-56.5098,-2.0007,174179003,169769315.4
"323","000001.SH",2018-08-01,2824.5337,2882.5061,2897.3997,2823.9293,2876.4009,-51.8672,-1.8032,149514348,151692873
"324","000001.SH",2018-07-31,2876.4009,2866.8985,2884.6799,2854.3197,2869.0495,7.3514,0.2562,118931117,119528767.9
"325","000001.SH",2018-07-30,2869.0495,2871.9397,2896.0109,2850.296,2873.5938,-4.5443,-0.1581,151652249,145988585.4
"326","000001.SH",2018-07-27,2873.5938,2879.6901,2889.6936,2864.1098,2882.2254,-8.6316,-0.2995,146371610,132419371.8
"327","000001.SH",2018-07-26,2882.2254,2905.7941,2915.2974,2875.7006,2903.6467,-21.4213,-0.7377,168428202,157496681.8
"328","000001.SH",2018-07-25,2903.6467,2911.4529,2912.3134,2894.039,2905.5618,-1.9151,-0.0659,167800207,166412077.1
"329","000001.SH",2018-07-24,2905.5618,2862.267,2911.4646,2862.267,2859.5424,46.0194,1.6093,229578307,228701875.5
"330","000001.SH",2018-07-23,2859.5424,2815.2008,2863.5711,2809.6163,2829.2712,30.2712,1.0699,173382797,186996844.7
"331","000001.SH",2018-07-20,2829.2712,2769.7537,2837.8623,2753.8397,2772.5454,56.7258,2.046,145907688,155661124.3
"332","000001.SH",2018-07-19,2772.5454,2791.0156,2805.0106,2764.4858,2787.257,-14.7116,-0.5278,114486493,129374568.3
"333","000001.SH",2018-07-18,2787.257,2801.7774,2818.3953,2786.0404,2798.1259,-10.8689,-0.3884,120961165,138557147.8
"334","000001.SH",2018-07-17,2798.1259,2806.8853,2806.9194,2774.7624,2814.0418,-15.9159,-0.5656,105409220,124035197.8
"335","000001.SH",2018-07-16,2814.0418,2827.0823,2837.5092,2804.4929,2831.1837,-17.1419,-0.6055,107767151,129411192.7
"336","000001.SH",2018-07-13,2831.1837,2831.4284,2835.4627,2818.8484,2837.6586,-6.4749,-0.2282,117689348,146300880.6
"337","000001.SH",2018-07-12,2837.6586,2771.0408,2844.1932,2771.0408,2777.7711,59.8875,2.156,146980200,170319086.5
"338","000001.SH",2018-07-11,2777.7711,2780.7043,2794.3596,2752.435,2827.6252,-49.8541,-1.7631,126821149,138318174.3
"339","000001.SH",2018-07-10,2827.6252,2819.7121,2828.4926,2800.6251,2815.1095,12.5157,0.4446,117062748,132633113.1
"340","000001.SH",2018-07-09,2815.1095,2752.4466,2815.79,2752.4466,2747.2285,67.881,2.4709,121549309,135654524.8
"341","000001.SH",2018-07-06,2747.2285,2731.3532,2768.8737,2691.0208,2733.8819,13.3466,0.4882,136294380,148193040
"342","000001.SH",2018-07-05,2733.8819,2755.3394,2777.5227,2727.9399,2759.126,-25.2441,-0.9149,129226112,132993668.2
"343","000001.SH",2018-07-04,2759.126,2776.6324,2793.179,2754.1552,2786.8878,-27.7618,-0.9962,123262181,131016165
"344","000001.SH",2018-07-03,2786.8878,2774.5701,2786.8878,2722.4485,2775.557,11.3308,0.4082,142498466,161668028.6
"345","000001.SH",2018-07-02,2775.557,2841.5795,2845.6801,2756.815,2847.4181,-71.8611,-2.5237,137035034,147562760
"346","000001.SH",2018-06-29,2847.4181,2789.8111,2848.3721,2782.3811,2786.8966,60.5215,2.1716,125671685,135652377.9
"347","000001.SH",2018-06-28,2786.8966,2799.9039,2825.9872,2782.4464,2813.1775,-26.2809,-0.9342,118357907,129687431.4
"348","000001.SH",2018-06-27,2813.1775,2842.3958,2854.2579,2798.7997,2844.5081,-31.3306,-1.1014,129420833,142413494.4
"349","000001.SH",2018-06-26,2844.5081,2829.9947,2850.24,2803.7851,2859.3364,-14.8283,-0.5186,125918468,138447246.8
"350","000001.SH",2018-06-25,2859.3364,2903.4495,2908.624,2857.8709,2889.7603,-30.4239,-1.0528,121917687,132350471.6
"351","000001.SH",2018-06-22,2889.7603,2855.5849,2891.9685,2837.1444,2875.8099,13.9504,0.4851,126143129,127161473.9
"352","000001.SH",2018-06-21,2875.8099,2912.0032,2940.5863,2872.6189,2915.7314,-39.9215,-1.3692,154378332,159713161.8
"353","000001.SH",2018-06-20,2915.7314,2889.984,2925.5611,2872.1629,2907.8221,7.9093,0.272,144301420,153334278.1
"354","000001.SH",2018-06-19,2907.8221,2982.6504,2984.9706,2871.3548,3021.9008,-114.0787,-3.7751,230550067,241203641.1
"355","000001.SH",2018-06-15,3021.9008,3037.4522,3048.7967,3008.7324,3044.1597,-22.2589,-0.7312,144532571,162196016.4
"356","000001.SH",2018-06-14,3044.1597,3038.0704,3066.0469,3032.4062,3049.7965,-5.6368,-0.1848,115469487,147588827
"357","000001.SH",2018-06-13,3049.7965,3071.4636,3071.4636,3044.1198,3079.8018,-30.0053,-0.9743,119607886,155935263.1
"358","000001.SH",2018-06-12,3079.8018,3053.0279,3081.4473,3034.1012,3052.7831,27.0187,0.8851,113275096,154469092.3
"359","000001.SH",2018-06-11,3052.7831,3057.3393,3063.6102,3037.9138,3067.1478,-14.3647,-0.4683,108563786,143037323.8
"360","000001.SH",2018-06-08,3067.1478,3100.6038,3100.6848,3053.2879,3109.4988,-42.351,-1.362,134688220,161178782.9
"361","000001.SH",2018-06-07,3109.4988,3121.1842,3128.7154,3105.5779,3115.1803,-5.6815,-0.1824,127784970,167174304.1
"362","000001.SH",2018-06-06,3115.1803,3109.1746,3117.5251,3103.5329,3114.2055,0.9748,0.0313,120196135,162879956.7
"363","000001.SH",2018-06-05,3114.2055,3088.0076,3114.7687,3080.0457,3091.1909,23.0146,0.7445,118735592,164806307.5
"364","000001.SH",2018-06-04,3091.1909,3083.4265,3098.402,3076.9936,3075.1372,16.0537,0.522,114593902,154671613.3
"365","000001.SH",2018-06-01,3075.1372,3084.7536,3102.088,3059.7857,3095.4737,-20.3365,-0.657,129872199,166548881.8
"366","000001.SH",2018-05-31,3095.4737,3061.8291,3098.0764,3054.2685,3041.4434,54.0303,1.7765,140475532,185199037
"367","000001.SH",2018-05-30,3041.4434,3081.1418,3085.397,3041.0002,3120.4605,-79.0171,-2.5322,155115126,191995196.7
"368","000001.SH",2018-05-29,3120.4605,3129.621,3143.2076,3112.1531,3135.0821,-14.6216,-0.4664,135717800,177826106.4
"369","000001.SH",2018-05-28,3135.0821,3136.8092,3149.6646,3115.9585,3141.3032,-6.2211,-0.198,128755918,168191258.4
"370","000001.SH",2018-05-25,3141.3032,3148.41,3156.7261,3131.0675,3154.6506,-13.3474,-0.4231,128610843,166554049.9
"371","000001.SH",2018-05-24,3154.6506,3167.9391,3173.5309,3152.0692,3168.9642,-14.3136,-0.4517,124085800,160658185.5
"372","000001.SH",2018-05-23,3168.9642,3205.437,3205.437,3168.9642,3214.3497,-45.3855,-1.412,157807648,199358101
"373","000001.SH",2018-05-22,3214.3497,3211.247,3214.5888,3192.2277,3213.8404,0.5093,0.0158,144292684,185721667.8
"374","000001.SH",2018-05-21,3213.8404,3206.1756,3219.7398,3203.3362,3193.3034,20.537,0.6431,164459413,202663464.5
"375","000001.SH",2018-05-18,3193.3034,3151.0818,3193.4531,3144.776,3154.2825,39.0209,1.2371,136516918,168038057.5
"376","000001.SH",2018-05-17,3154.2825,3170.0064,3172.7664,3148.6213,3169.5652,-15.2827,-0.4822,113995567,150598842.2
"377","000001.SH",2018-05-16,3169.5652,3180.2259,3191.9481,3166.8113,3192.1183,-22.5531,-0.7065,130524968,174590979.8
"378","000001.SH",2018-05-15,3192.1183,3180.4245,3192.8069,3164.5181,3174.032,18.0863,0.5698,124549051,162990790
"379","000001.SH",2018-05-14,3174.032,3167.0418,3183.8159,3163.476,3163.2632,10.7688,0.3404,129327353,172410691.1
"380","000001.SH",2018-05-11,3163.2632,3179.7967,3180.7564,3162.2121,3174.4127,-11.1495,-0.3512,130659749,167364290.4
"381","000001.SH",2018-05-10,3174.4127,3169.0498,3176.1376,3155.5331,3159.1502,15.2625,0.4831,133000756,165440363.9
"382","000001.SH",2018-05-09,3159.1502,3160.1382,3165.3733,3145.6574,3161.4976,-2.3474,-0.0742,122637268,153456426.2
"383","000001.SH",2018-05-08,3161.4976,3135.2957,3169.7014,3134.0621,3136.6448,24.8528,0.7923,146927061,189011647.4
"384","000001.SH",2018-05-07,3136.6448,3094.8989,3136.8363,3091.6579,3091.0334,45.6114,1.4756,138948186,178243870
"385","000001.SH",2018-05-04,3091.0334,3093.1169,3104.0925,3086.7845,3100.8586,-9.8252,-0.3169,118711265,148436363.4
"386","000001.SH",2018-05-03,3100.8586,3074.5165,3105.6598,3056.1573,3081.1773,19.6813,0.6388,139985620,173444959.1
"387","000001.SH",2018-05-02,3081.1773,3087.4086,3097.6039,3064.763,3082.2316,-1.0543,-0.0342,134184566,168246153
"388","000001.SH",2018-04-27,3082.2316,3082.4148,3088.0347,3049.9139,3075.0301,7.2015,0.2342,131225643,179520260
"389","000001.SH",2018-04-26,3075.0301,3119.4962,3121.9334,3067.9286,3117.9739,-42.9438,-1.3773,133972736,163783774.6
"390","000001.SH",2018-04-25,3117.9739,3112.3978,3122.9082,3107.0008,3128.9271,-10.9532,-0.3501,127311053,161298141.7
"391","000001.SH",2018-04-24,3128.9271,3069.7455,3136.0395,3069.7455,3068.012,60.9151,1.9855,162274806,195545006.1
"392","000001.SH",2018-04-23,3068.012,3063.4427,3085.0573,3045.9369,3071.5425,-3.5305,-0.1149,131686340,157854795.1
"393","000001.SH",2018-04-20,3071.5425,3105.4617,3111.1707,3065.9214,3117.376,-45.8335,-1.4703,155147091,185139069.1
"394","000001.SH",2018-04-19,3117.376,3094.2738,3127.4389,3090.2867,3091.3987,25.9773,0.8403,160056805,196198984.7
"395","000001.SH",2018-04-18,3091.3987,3091.9095,3096.889,3041.625,3066.7967,24.602,0.8022,159290503,202238970
"396","000001.SH",2018-04-17,3066.7967,3112.9747,3118.7596,3064.0281,3110.6489,-43.8522,-1.4097,147222846,185428029.3
"397","000001.SH",2018-04-16,3110.6489,3152.8882,3153.1063,3096.1003,3159.0521,-48.4032,-1.5322,154415695,192233349.2
"398","000001.SH",2018-04-13,3159.0521,3192.0418,3197.8959,3155.5058,3180.1583,-21.1062,-0.6637,127552310,163651750.6
"399","000001.SH",2018-04-12,3180.1583,3203.2782,3205.2522,3177.0492,3208.0818,-27.9235,-0.8704,148231313,185040054.6
"400","000001.SH",2018-04-11,3208.0818,3197.3719,3220.8453,3191.5865,3190.3216,17.7602,0.5567,175867197,211420424
"401","000001.SH",2018-04-10,3190.3216,3144.2568,3190.6492,3139.0807,3138.2936,52.028,1.6578,168201359,206087413.1
"402","000001.SH",2018-04-09,3138.2936,3125.4415,3146.0926,3110.3025,3131.1114,7.1822,0.2294,139608621,177236920.1
"403","000001.SH",2018-04-04,3131.1114,3147.0491,3163.3404,3128.8668,3136.6332,-5.5218,-0.176,146976682,193492824.2
"404","000001.SH",2018-04-03,3136.6332,3130.013,3144.3321,3119.1321,3163.179,-26.5458,-0.8392,152216674,189692715.2
"405","000001.SH",2018-04-02,3163.179,3169.7787,3192.3403,3159.986,3168.8966,-5.7176,-0.1804,177727777,226253566.4
"406","000001.SH",2018-03-30,3168.8966,3161.7856,3177.7208,3152.8888,3160.5306,8.366,0.2647,154646596,196006696.9
"407","000001.SH",2018-03-29,3160.5306,3127.2628,3174.5089,3098.2465,3122.2895,38.2411,1.2248,170312384,210920223.3
"408","000001.SH",2018-03-28,3122.2895,3130.5711,3165.2126,3117.5336,3166.6488,-44.3593,-1.4008,163500488,208617851.7
"409","000001.SH",2018-03-27,3166.6488,3164.7976,3172.7777,3143.5695,3133.7218,32.927,1.0507,189073383,227085087.3
"410","000001.SH",2018-03-26,3133.7218,3117.3192,3134.2759,3091.4575,3152.7608,-19.039,-0.6039,186366350,215910259.1
"411","000001.SH",2018-03-23,3152.7608,3172.772,3188.2351,3110.6637,3263.4803,-110.7195,-3.3927,275532013,293405066
"412","000001.SH",2018-03-22,3263.4803,3281.265,3288.7967,3242.7619,3280.9521,-17.4718,-0.5325,150432977,184471728.8
"413","000001.SH",2018-03-21,3280.9521,3299.731,3314.209,3268.8779,3290.6399,-9.6878,-0.2944,168398277,208617686.7
"414","000001.SH",2018-03-20,3290.6399,3257.2188,3292.5742,3252.4333,3279.2517,11.3882,0.3473,139881081,166979881.4
"415","000001.SH",2018-03-19,3279.2517,3264.9281,3280.5673,3251.0471,3269.8821,9.3696,0.2865,137954980,169772207
"416","000001.SH",2018-03-16,3269.8821,3290.209,3300.5654,3269.2826,3291.112,-21.2299,-0.6451,141203647,167761534.9
"417","000001.SH",2018-03-15,3291.112,3277.5143,3297.0981,3273.2008,3291.3819,-0.2699,-0.0082,148573606,179516618.1
"418","000001.SH",2018-03-14,3291.3819,3298.6655,3304.9787,3287.3558,3310.2389,-18.857,-0.5697,157491085,183457630.4
"419","000001.SH",2018-03-13,3310.2389,3324.1215,3333.8754,3307.3764,3326.6992,-16.4603,-0.4948,177114353,202375117
"420","000001.SH",2018-03-12,3326.6992,3319.2089,3333.5611,3313.5552,3307.1656,19.5336,0.5906,206532436,247894176.2
"421","000001.SH",2018-03-09,3307.1656,3291.4258,3309.7153,3283.5591,3288.4055,18.7601,0.5705,168424509,202349181.9
"422","000001.SH",2018-03-08,3288.4055,3268.3468,3289.4974,3261.5524,3271.6683,16.7372,0.5116,149827519,175895391.2
"423","000001.SH",2018-03-07,3271.6683,3288.8645,3308.4063,3264.7639,3289.6419,-17.9736,-0.5464,168665019,193489335.4
"424","000001.SH",2018-03-06,3289.6419,3266.4868,3290.2534,3243.654,3256.9263,32.7156,1.0045,195358046,224381789.5
"425","000001.SH",2018-03-05,3256.9263,3255.8713,3269.3999,3236.7172,3254.5283,2.398,0.0737,144835988,174148634.5
"426","000001.SH",2018-03-02,3254.5283,3248.4464,3269.9377,3242.2669,3273.7549,-19.2266,-0.5873,150861063,178602991.9
"427","000001.SH",2018-03-01,3273.7549,3235.0887,3280.1491,3228.5848,3259.408,14.3469,0.4402,159098320,185277782
"428","000001.SH",2018-02-28,3259.408,3264.0585,3277.8324,3239.8438,3292.0679,-32.6599,-0.9921,151043536,180233815.2
"429","000001.SH",2018-02-27,3292.0679,3328.6719,3328.6719,3284.6293,3329.5737,-37.5058,-1.1264,174219368,204394381.5
"430","000001.SH",2018-02-26,3329.5737,3307.295,3335.9856,3281.615,3289.0241,40.5496,1.2329,188568602,213333034.9
"431","000001.SH",2018-02-23,3289.0241,3275.429,3294.1338,3258.4878,3268.5589,20.4652,0.6261,145790368,159502514.8
"432","000001.SH",2018-02-22,3268.5589,3237.5692,3269.9156,3234.1152,3199.1589,69.4,2.1693,138730445,157303882.5
"433","000001.SH",2018-02-14,3199.1589,3188.2475,3203.4967,3171.3836,3184.9587,14.2002,0.4459,100322827,114552203
"434","000001.SH",2018-02-13,3184.9587,3176.1066,3219.2169,3176.1066,3154.1254,30.8333,0.9776,151527597,172045207
"435","000001.SH",2018-02-12,3154.1254,3128.3709,3168.1258,3113.6054,3129.8508,24.2746,0.7756,153310831,171003182.2
"436","000001.SH",2018-02-09,3129.8508,3172.8509,3180.11,3062.7426,3262.0504,-132.1996,-4.0527,256389176,272095086.8
"437","000001.SH",2018-02-08,3262.0504,3281.0458,3307.1623,3225.7117,3309.2598,-47.2094,-1.4266,201262499,222348685.3
"438","000001.SH",2018-02-07,3309.2598,3412.7441,3425.5377,3304.007,3370.652,-61.3922,-1.8214,260939714,295264429.9
"439","000001.SH",2018-02-06,3370.652,3418.01,3440.124,3364.2163,3487.497,-116.845,-3.3504,280555477,318818541.8
"440","000001.SH",2018-02-05,3487.497,3411.6698,3487.7211,3406.2405,3462.0808,25.4162,0.7341,217673754,252198769.3
"441","000001.SH",2018-02-02,3462.0808,3419.2249,3463.1639,3388.8597,3446.9799,15.1009,0.4381,208120551,236278755.6
"442","000001.SH",2018-02-01,3446.9799,3478.6701,3495.0933,3424.4188,3480.8334,-33.8535,-0.9726,260504707,292882256.3
"443","000001.SH",2018-01-31,3480.8334,3470.5089,3495.4533,3454.7259,3488.009,-7.1756,-0.2057,207253403,242657958.6
"444","000001.SH",2018-01-30,3488.009,3511.5005,3523.0513,3484.6556,3523.0007,-34.9917,-0.9932,186369975,224681692.5
"445","000001.SH",2018-01-29,3523.0007,3563.64,3587.0323,3510.2689,3558.1288,-35.1281,-0.9873,236026965,285417004.4
"446","000001.SH",2018-01-26,3558.1288,3535.4931,3574.9048,3534.1952,3548.307,9.8218,0.2768,222698295,258149514.6
"447","000001.SH",2018-01-25,3548.307,3555.1677,3571.4805,3528.0349,3559.4653,-11.1583,-0.3135,243413422,287989535
"448","000001.SH",2018-01-24,3559.4653,3553.4787,3569.4891,3527.1119,3546.5048,12.9605,0.3654,252954496,307629217.1
"449","000001.SH",2018-01-23,3546.5048,3504.3439,3547.2222,3504.3439,3501.3622,45.1426,1.2893,238705904,282091889.3
"450","000001.SH",2018-01-22,3501.3622,3476.9939,3503.3857,3475.673,3487.864,13.4982,0.387,217487534,261295714.1
"451","000001.SH",2018-01-19,3487.864,3481.62,3498.4341,3474.2915,3474.754,13.11,0.3773,247536733,294189072.4
"452","000001.SH",2018-01-18,3474.754,3449.881,3476.546,3448.7885,3444.6713,30.0827,0.8733,220039555,267692640.5
"453","000001.SH",2018-01-17,3444.6713,3438.5762,3465.2049,3430.5114,3436.594,8.0773,0.235,261045030,316532678.9
"454","000001.SH",2018-01-16,3436.594,3403.4694,3437.5827,3401.9606,3410.4882,26.1058,0.7655,211475468,266578815.2
"455","000001.SH",2018-01-15,3410.4882,3428.9508,3442.5008,3402.312,3428.9407,-18.4525,-0.5381,232009283,286362732.9
"456","000001.SH",2018-01-12,3428.9407,3423.8793,3435.4239,3417.9802,3425.3449,3.5958,0.105,174063404,215961455.7
"457","000001.SH",2018-01-11,3425.3449,3415.585,3426.4829,3405.639,3421.8343,3.5106,0.1026,173812133,218414134.1
"458","000001.SH",2018-01-10,3421.8343,3414.1128,3430.2139,3398.8423,3413.8996,7.9347,0.2324,209094997,254515441.3
"459","000001.SH",2018-01-09,3413.8996,3406.1116,3417.2278,3403.5869,3409.4795,4.4201,0.1296,191488551,238249975.1
"460","000001.SH",2018-01-08,3409.4795,3391.5528,3412.7307,3384.5591,3391.7501,17.7294,0.5227,236165106,286213219.1
"461","000001.SH",2018-01-05,3391.7501,3386.464,3402.0694,3380.245,3385.7102,6.0399,0.1784,213060681,248187840.5
"462","000001.SH",2018-01-04,3385.7102,3371,3392.8264,3365.2954,3369.1084,16.6018,0.4928,206955288,243090768.7
"463","000001.SH",2018-01-03,3369.1084,3347.7428,3379.9152,3345.2887,3348.3259,20.7825,0.6207,213836149,258366523.2
"464","000001.SH",2018-01-02,3348.3259,3314.0307,3349.053,3314.0307,3307.1721,41.1538,1.2444,202278860,227788461.1
